video,index,start_time,end_time,korean subtitle,start_seconds,end_seconds,Google translation,Microsoft translation,DeepL translation
1,1,0 days 00:00:00,0 days 00:00:10,이 영상은 K-POP 뮤직비디오의 유료 광고를 포함하고 있습니다.,0.0,10.0,This video contains a paid advertisement for a K-POP music video.,This video contains paid advertisements for K-pop music videos.,This video contains paid ads from a K-POP music video.
1,2,0 days 00:00:30,0 days 00:00:40,이 영상은 K-POP 뮤직비디오의 유료 광고를 포함하고 있습니다.,30.0,40.0,This video contains a paid advertisement for a K-POP music video.,This video contains paid advertisements for K-pop music videos.,This video contains paid ads from a K-POP music video.
1,3,0 days 00:01:00,0 days 00:01:10,이 영상은 K-POP 뮤직비디오의 유료 광고를 포함하고 있습니다.,60.0,70.0,This video contains a paid advertisement for a K-POP music video.,This video contains paid advertisements for K-pop music videos.,This video contains paid ads from a K-POP music video.
1,4,0 days 00:01:30,0 days 00:01:40,이 영상은 K-POP 뮤직비디오의 유료 광고를 포함하고 있습니다.,90.0,100.0,This video contains a paid advertisement for a K-POP music video.,This video contains paid advertisements for K-pop music videos.,This video contains paid ads from a K-POP music video.
1,5,0 days 00:02:00,0 days 00:02:10,이 영상은 K-POP 뮤직비디오의 유료 광고를 포함하고 있습니다.,120.0,130.0,This video contains a paid advertisement for a K-POP music video.,This video contains paid advertisements for K-pop music videos.,This video contains paid ads from a K-POP music video.
1,6,0 days 00:02:30,0 days 00:02:40,이 영상은 K-POP 뮤직비디오의 유료 광고를 포함하고 있습니다.,150.0,160.0,This video contains a paid advertisement for a K-POP music video.,This video contains paid advertisements for K-pop music videos.,This video contains paid ads from a K-POP music video.
1,7,0 days 00:03:00,0 days 00:03:10,이 영상은 K-POP 뮤직비디오의 유료 광고를 포함하고 있습니다.,180.0,190.0,This video contains a paid advertisement for a K-POP music video.,This video contains paid advertisements for K-pop music videos.,This video contains paid ads from a K-POP music video.
1,8,0 days 00:03:30,0 days 00:03:40,이 영상은 K-POP 뮤직비디오의 유료 광고를 포함하고 있습니다.,210.0,220.0,This video contains a paid advertisement for a K-POP music video.,This video contains paid advertisements for K-pop music videos.,This video contains paid ads from a K-POP music video.
2,1,0 days 00:00:00,0 days 00:00:03.920000,야! 야! 야! 속도 좀 줄여! 너무 빠르잖아!,0.0,3.92,hey! hey! hey! Slow down! That's too fast!,Hey man! Hey man! Hey man! Slow down! It's so fast!,Hey! Hey! Hey! Hey! Slow down! You're going too fast!
2,2,0 days 00:00:03.920000,0 days 00:00:05.300000,브레이크! 브레이크!,3.92,5.3,brake! brake!,Break! Break!,Brake! Brake!
2,3,0 days 00:00:08.880000,0 days 00:00:10,"야, 이게 뭐야?",8.88,10.0,"Hey, what is this?","Hey, what is this?","Hey, what's this?"
2,4,0 days 00:00:10,0 days 00:00:10.600000,뭐야?,10.0,10.6,what?,What the heck?,What is it?
2,5,0 days 00:00:11.360000,0 days 00:00:13.420000,뭐야 이거? 잠깐만 브레이크야?,11.36,13.42,"What is this? Wait a minute, is it a brake?","What is this? Wait a minute, brake?","What is this, a brake?"
2,6,0 days 00:00:14.600000,0 days 00:00:16.100000,"맞네, 브레이크!",14.6,16.1,"That's right, brake!","That's right, Brake!","That's right, brakes!"
2,7,0 days 00:00:16.100000,0 days 00:00:18.300000,어? 지금 브레이크가 부러진 거야?,16.1,18.3,uh? Are your brakes broken now?,Huh? Is the brake broken now?,Huh? Did you just break a brake?
2,8,0 days 00:00:18.720000,0 days 00:00:19.520000,대박사건!,18.72,19.52,Awesome event!,Great Doctor's Case!,The big one!
2,9,0 days 00:00:20.320000,0 days 00:00:22.080000,"야, 지금 감탈할 때야?",20.32,22.08,"Hey, is it time to panic?","Hey, is it time to indulge in it?","Dude, is it time to lose weight?"
2,10,0 days 00:00:22.080000,0 days 00:00:23.920000,"아우, 미치겠네 진짜! 뭐야 이거?",22.08,23.92,"Oh, I'm really going crazy! What is this?","Oh, I'm going crazy, really! What is this?","Oh, my God! What is this?"
2,11,0 days 00:00:25.820000,0 days 00:00:27.440000,브레이크 한 번에 차에서!,25.82,27.44,Break the car in one go!,Brake in the car at once!,From the car with a single brake!
2,12,0 days 00:00:27.440000,0 days 00:00:29.640000,"어떡해! 주식아, 이제 우리 어떡해?",27.44,29.64,"oh my god! Stock, what should we do now?","What should I do! Stocks, what should we do now?","Oh, my God, Stock, what are we going to do now?"
2,13,0 days 00:00:30.240000,0 days 00:00:33.200000,일단 악질해서 발을 좀 떼! 그럼 속도가 좀 줄 거야!,30.24,33.2,"First of all, be vicious and take your foot off the hook! Then it will slow down a bit!","Once you get angry, take your feet off! Then it will give you some speed!","Just be mean and step away, it'll slow you down!"
2,14,0 days 00:00:33.200000,0 days 00:00:34.560000,"어어, 알았어!",33.2,34.56,"Oh, okay!","Uh, got it!","Uhhh, okay!"
2,15,0 days 00:00:35.320000,0 days 00:00:37.720000,"아, 뭐야! 떼는데도 속도가 안 줄어!",35.32,37.72,"Oh, what! Even when I take it off, the speed doesn’t decrease!","Oh, what is it! Even if you take it off, the speed doesn't slow down!","Oh, no, it's not slowing down when I pull it off!"
2,16,0 days 00:00:37.720000,0 days 00:00:40.080000,"주식아, 어떡해!",37.72,40.08,"Stock, what should I do!","Stocks, what should I do?","Stock, oh my!"
2,17,0 days 00:00:40.080000,0 days 00:00:42.680000,미치겠네! 이러다가 사고가 나는데?,40.08,42.68,I'm going crazy! What if an accident happens like this?,I'm going crazy! Do you have an accident like this?,"Oh, my God, I'm going to get in an accident."
2,18,0 days 00:00:44.080000,0 days 00:00:45.080000,사이드! 사이드!,44.08,45.08,Side! Side!,Side! Side!,Side! Side!
2,19,0 days 00:00:47.160000,0 days 00:00:47.660000,뭐야?,47.16,47.66,what?,What the heck?,What is it?
2,20,0 days 00:00:48.760000,0 days 00:00:50.760000,"아이씨, 뭐 이런 차가 다 있어 진짜!",48.76,50.76,"Hey, there are all these cars!","Ai, what a car like this!","Oh, my God, there are all these cars!"
2,21,0 days 00:00:50.760000,0 days 00:00:54.160000,"주식아, 어떡해! 어떡하냐고!",50.76,54.16,"Stock, what should I do! What should I do!","Stocks, what should I do? What should I do!","Stock, what can I do? What can I do?"
2,22,0 days 00:00:54.160000,0 days 00:00:57.100000,"수아야, 안 되겠다! 우리 그냥 신고하자!",54.16,57.1,"Su-ya, this can’t be done! Let’s just report it!","Sua, I can't do it! Let's just report it!","Suya, no! Let's just report it!"
2,23,0 days 00:00:57.100000,0 days 00:00:58.440000,"119, 119, 119!",57.1,58.44,"119, 119, 119!","119, 119, 119!","119, 119, 119, 119!"
2,24,0 days 00:00:59.120000,0 days 00:01:01.120000,"핸드폰, 핸드폰, 핸드폰!",59.12,61.12,"Cell phone, cell phone, cell phone!","Cellphone, cellphone, cellphone!","Cell phones, cell phones, cell phones!"
2,25,0 days 00:01:06.960000,0 days 00:01:07.960000,아이씨!,66.96,67.96,Ai!,Ai-c!,ICY!
2,26,0 days 00:01:09.280000,0 days 00:01:11.280000,차 위에 핸드폰 놓고 왔나봐!,69.28,71.28,I must have left my phone on the car!,I guess I left my cell phone in the car!,I left my phone on the car!
2,27,0 days 00:01:12.400000,0 days 00:01:14.400000,"수아야, 너 핸드폰 좀 줘! 핸드폰!",72.4,74.4,"Su-ya, give me your cell phone! cell phone!","Sua, give me your cell phone! Cellphone!","Suya, can I have your cell phone? Cell phone!"
2,28,0 days 00:01:14.400000,0 days 00:01:15.880000,"어, 내 핸드폰! 내 핸드폰!",74.4,75.88,"Oh, my cell phone! my cell phone!","Uh, my cell phone! My cell phone!","Uh, my phone! My phone!"
2,29,0 days 00:01:17.600000,0 days 00:01:18.400000,내 핸드폰!,77.6,78.4,my cell phone!,My cell phone!,My phone!
2,30,0 days 00:01:18.880000,0 days 00:01:19.880000,내 핸드폰 어디 갔지?,78.88,79.88,Where is my cell phone?,Where did my phone go?,Where's my phone?
2,31,0 days 00:01:24.360000,0 days 00:01:27.360000,"아이씨, 어떡해! 나도 집에 두고 왔나봐!",84.36,87.36,"Ai, what should I do! I guess I left it at home too!","Child, what should I do! I guess I left it at home too!","Oh, my God, I must have left it at home!"
2,32,0 days 00:01:27.680000,0 days 00:01:28.680000,"아이씨, 진짜!",87.68,88.68,"Hey, really!","Oh, really!","Oh, my!"
2,33,0 days 00:01:29.680000,0 days 00:01:31.680000,안 되겠다! 어쩔 수 없지 뭐!,89.68,91.68,It won't work! It can't be helped!,No way! It can't be helped!,Oh no! What the heck!
2,34,0 days 00:01:33.680000,0 days 00:01:35.080000,"야, 너 지금 뭐 하는 거야!",93.68,95.08,"Hey, what are you doing!","Hey, what are you doing now!","Hey, what the hell are you doing!"
2,35,0 days 00:01:35.080000,0 days 00:01:37.080000,준기 오빠가 그쪽 차 한번 건드리지 말랬잖아!,95.08,97.08,Junki oppa told me not to touch that car even once!,Jun-gi didn't even touch that car!,I told you not to touch your car!
2,36,0 days 00:01:37.080000,0 days 00:01:38.880000,슬픈 전설이 있다고!,97.08,98.88,There is a sad legend!,There is a sad legend!,There's a sad legend!
2,37,0 days 00:01:38.880000,0 days 00:01:40.880000,그럼 어떡해! 차 위에 핸드폰이 있는데!,98.88,100.88,Then what should I do! There's a cell phone on top of the car!,So what to do! I have a cell phone in the car!,"What can I do, I have my phone on top of my car!"
2,38,0 days 00:01:43.360000,0 days 00:01:45.360000,"뭐야? 이거 왜, 왜 이거밖에 안 열려?",103.36,105.36,"what? Why is this, why is this the only one that opens?",What the heck? Why is this the only thing open?,"What is this, why is this, why is this the only thing that opens?"
2,39,0 days 00:01:46.280000,0 days 00:01:47.280000,미치겠네!,106.28,107.28,I'm going crazy!,I'm going crazy!,Crazy!
2,40,0 days 00:01:47.280000,0 days 00:01:49.080000,과연 간 이준기 진짜!,107.28,109.08,Is Lee Joon-gi really gone?,"As expected, Lee Joon-gi is real!","Really, really, really!"
2,41,0 days 00:01:49.080000,0 days 00:01:51.080000,진짜 가지가게 한다 정말!,109.08,111.08,It really makes things go away!,"It really makes me branch, really!","I'll let you have it, really!"
2,42,0 days 00:01:58.080000,0 days 00:02:00.080000,"탈까? 아, 탈 것 같아!",118.08,120.08,"Shall we ride? Ah, I think I'm going to ride!","Shall I ride it? Oh, I think I'm going to ride!","Should I? Oh, I think so!"
2,43,0 days 00:02:01.080000,0 days 00:02:02.080000,"야, 야, 야, 야, 야!",121.08,122.08,"Hey, hey, hey, hey, hey!","Hey, hey, hey, hey!","Hey, hey, hey, hey, hey, hey!"
2,44,0 days 00:02:02.080000,0 days 00:02:03.080000,"잠깐만, 왜 울려!",122.08,123.08,"Wait a minute, why is it ringing?","Wait, why are you ringing!","Wait, why is it ringing!"
2,45,0 days 00:02:03.080000,0 days 00:02:04.080000,내가 안 울렸어!,123.08,124.08,I didn't make you cry!,I didn't cry!,I didn't ring!
2,46,0 days 00:02:04.080000,0 days 00:02:05.080000,"야, 야, 야, 야!",124.08,125.08,"Hey, hey, hey, hey!",Hey hey hey hey!,"Hey, hey, hey, hey, hey!"
2,47,0 days 00:02:05.080000,0 days 00:02:06.080000,"수아야, 아프다!",125.08,126.08,"Suya, it hurts!","Sua, it hurts!","Suya, it hurts!"
2,48,0 days 00:02:06.080000,0 days 00:02:07.080000,"어떻게 좀 해봐, 이거!",126.08,127.08,Do something about this!,How do you do this!,"Do something about this, man!"
2,49,0 days 00:02:07.080000,0 days 00:02:08.080000,"야, 야, 야!",127.08,128.08,"Hey, hey, hey!",Hey hey hey!,"Hey, hey, hey!"
2,50,0 days 00:02:08.080000,0 days 00:02:09.080000,저 자리에 잘린다!,128.08,129.08,It's cut right there!,Cut in that place!,You're fired!
2,51,0 days 00:02:09.080000,0 days 00:02:10.080000,"야, 수아야, 밖에 춥다!",129.08,130.08,"Hey, Suya, it’s cold outside!","Hey, Sua, it's cold outside!","Hey, Sue, it's cold outside!"
2,52,0 days 00:02:10.080000,0 days 00:02:11.080000,"야, 수아야!",130.08,131.08,"Hey, Suya!","Hey, Sua!","Hey, Sue!"
2,53,0 days 00:02:11.080000,0 days 00:02:12.080000,뭐야? 이것도 안 되는데?,131.08,132.08,what? Doesn’t this work either?,What the heck? This doesn't work either?,What? This doesn't work either?
2,54,0 days 00:02:12.080000,0 days 00:02:13.080000,어?,132.08,133.08,uh?,Huh?,Huh?
2,55,0 days 00:02:13.080000,0 days 00:02:14.080000,"아이씨, 뭐 이러는 척하다니까 진짜!",133.08,134.08,"Ai, you’re pretending to do something like this, really!","Ai, what are you pretending to do?","Oh, my God, I can't believe you're pretending!"
2,56,0 days 00:02:14.080000,0 days 00:02:15.080000,"야, 야, 수아야!",134.08,135.08,"Hey, hey, Suya!","Hey, hey, sua!","Hey, hey, Sue!"
2,57,0 days 00:02:16.080000,0 days 00:02:17.080000,어떡해!,136.08,137.08,oh my god!,What should I do!,Oh no!
2,58,0 days 00:02:17.080000,0 days 00:02:18.080000,"저 앞에 큰 게, 큰 게!",137.08,138.08,"There’s a big crab in front of you, a big crab!","Big crab in front of me, big crab!","Big crab up ahead, big crab!"
2,59,0 days 00:02:18.080000,0 days 00:02:19.080000,"큰 게, 큰 게!",138.08,139.08,"Big crab, big crab!","Big crab, big crab!","Big crab, big crab!"
2,60,0 days 00:02:19.080000,0 days 00:02:21.080000,"좌회전! 좌회전, 좌회전, 좌회전!",139.08,141.08,"left! Turn left, turn left, turn left!","Turn left! Turn left, turn left, turn left!","Turn left, turn left, turn left, turn left!"
2,61,0 days 00:02:21.080000,0 days 00:02:22.080000,일단 저 공통!,141.08,142.08,"First of all, that’s common!","First of all, that's common!","First of all, that common!"
2,62,0 days 00:02:22.080000,0 days 00:02:24.080000,"저 공통으로 들어가, 빨리!",142.08,144.08,"Get in there, quickly!","Go into that common, quickly!","Get in that common, quick!"
2,63,0 days 00:02:24.080000,0 days 00:02:25.080000,"어, 알았어!",144.08,145.08,"Oh, okay!","Uh, okay!","Uh, okay!"
2,64,0 days 00:02:25.800000,0 days 00:02:26.800000,"야, 야, 야, 야!",145.8,146.8,"Hey, hey, hey, hey!",Hey hey hey hey!,"Hey, hey, hey, hey, hey!"
2,65,0 days 00:02:26.800000,0 days 00:02:27.800000,"천천히, 야, 천천히!",146.8,147.8,"Slow down, hey, slow down!","Slow, hey, slow!","Slow down, hey, slow down!"
2,66,0 days 00:02:27.800000,0 days 00:02:28.800000,"들어가, 들어가!",147.8,148.8,"Go in, go in!","Go in, go in!","Get in, get in!"
2,67,0 days 00:02:28.800000,0 days 00:02:29.800000,"쭉 들어가, 쭉 들어가!",148.8,149.8,"Go all the way in, go all the way in!","Go in, go in!","Go in, go in, go in!"
2,68,0 days 00:02:29.800000,0 days 00:02:30.800000,어떻게 해?,149.8,150.8,How do I do it?,How to do it?,How do I do it?
2,69,0 days 00:02:30.800000,0 days 00:02:31.800000,어떻게 해?,150.8,151.8,How do I do it?,How to do it?,How do I do it?
2,70,0 days 00:02:31.800000,0 days 00:02:32.800000,어떻게 해?,151.8,152.8,How do I do it?,How to do it?,How do I do it?
2,71,0 days 00:02:32.800000,0 days 00:02:33.800000,어떻게 해?,152.8,153.8,How do I do it?,How to do it?,How do I do it?
2,72,0 days 00:02:33.800000,0 days 00:02:34.800000,어떻게 해?,153.8,154.8,How do I do it?,How to do it?,How do I do it?
2,73,0 days 00:02:34.800000,0 days 00:02:35.800000,어떻게 해?,154.8,155.8,How do I do it?,How to do it?,How do I do it?
2,74,0 days 00:02:35.800000,0 days 00:02:36.800000,어떻게 해?,155.8,156.8,How do I do it?,How to do it?,How do I do it?
2,75,0 days 00:02:36.800000,0 days 00:02:37.800000,"진짜 빡냐? 어, 뭐야?",156.8,157.8,"Are you really mad? Uh, what is it?","Is it really tight? Uh, what is it?","Are you really tight? Uh, what?"
2,76,0 days 00:02:37.800000,0 days 00:02:38.800000,"수, 수, 수식아!",157.8,158.8,"Number, number, number!","Number, number, formula!","Numbers, numbers, numbers, formulas!"
2,77,0 days 00:02:38.800000,0 days 00:02:39.800000,"니, 니, 니 이제 어떻게 해?",158.8,159.8,"You, you, you, what do you do now?","You, you, what are you doing now?","You, you, you, what do you do now?"
2,78,0 days 00:02:39.800000,0 days 00:02:40.800000,어?,159.8,160.8,uh?,Huh?,Huh?
2,79,0 days 00:02:40.800000,0 days 00:02:41.800000,"야, 일단 저 앞에서 돌아, 계속 돌아, 돌아!",160.8,161.8,"Hey, turn in front of me first, keep turning, turn!","Hey, turn around in front of me once, keep turning, turn around!","Hey, just turn around in front of me, keep turning, keep turning, keep turning!"
2,80,0 days 00:02:41.800000,0 days 00:02:42.800000,"돌기만, 돌기만 해!",161.8,162.8,"Just spin, just spin!","Just turn, just turn!","Circle, circle, circle!"
2,81,0 days 00:02:42.800000,0 days 00:02:43.800000,뭐? 계속 돌라고?,162.8,163.8,what? Keep spinning?,What? Keep turning?,What? Keep spinning?
2,82,0 days 00:02:43.800000,0 days 00:02:44.800000,그럼 어떻게 해?,163.8,164.8,So what should I do?,So what to do?,So what do you do?
2,83,0 days 00:02:44.800000,0 days 00:02:45.800000,밖으로 나가보면 타고 날지도 모르는데!,164.8,165.8,"If you go outside, you might be able to ride it!","If you go outside, you might get on and fly!",Get out there and you might just fly!
2,84,0 days 00:02:45.800000,0 days 00:02:47.800000,"그러니까 운전 전수는 갑자기 왜 화장을 해가지고, 이씨!",165.8,167.8,"So why did the driving instructor suddenly put on makeup, Mr. Lee?","So, why did you suddenly put on makeup, Mr. Lee!","So why is the driver suddenly wearing makeup, Mr. Lee!"
2,85,0 days 00:02:47.800000,0 days 00:02:48.800000,"아이씨, 내가 이렇게 될 줄 알았냐!",167.8,168.8,"Hey, did you know I would end up like this!","Ai, did you know I would be like this!","Oh, boy, did I see this coming!"
3,1,0 days 00:00:00,0 days 00:00:02.940000,"아유, 그 파티 시엔지 뭔지 꿈이 크시네.",0.0,2.94,"Wow, you have a big dream about that party.","Ayu, you have big dreams about what that party is about.","Aww, you're dreaming about that party cigar or something."
3,2,0 days 00:00:02.940000,0 days 00:00:05.280000,누가 뭐래요? 그냥 혼잣말 한 거예요.,2.94,5.28,Who said anything? I was just talking to myself.,Who says what? I just said it to myself.,"Who cares, I was just talking to myself."
3,3,0 days 00:00:05.280000,0 days 00:00:06.660000,혼잣말도 못 해요?,5.28,6.66,Can't you even talk to yourself?,Can't you even talk to yourself?,Can't even talk to yourself?
3,4,0 days 00:00:06.660000,0 days 00:00:10.100000,가만 보면 분위기 박뒤게 못 해 아주.,6.66,10.1,"If you just look at it, you won't be able to ruin the mood.","If you look closely, you can't get the mood down.","It's a bit of a mood killer, really."
3,5,0 days 00:00:10.100000,0 days 00:00:13.180000,아니 내가 뭘요? 나 방금 딱 한마디 했거든요?,10.1,13.18,"No, what am I? Did I just say something?","No, what am I? I just said one thing, right?",What did I say? I just said one word.
3,6,0 days 00:00:13.180000,0 days 00:00:15.220000,"아, 근데 왜 나한테 짜증이에요?",13.18,15.22,"Ah, but why are you annoyed with me?","Oh, but why are you annoyed by me?","Oh, and why are you annoyed with me?"
3,7,0 days 00:00:15.220000,0 days 00:00:18.340000,내가 언제요? 저 태어나서 짜증 한 번도 낸 적 없거든요?,15.22,18.34,"When am I? I've never been annoyed since I was born, right?","When am I? I've never been annoyed since I was born, right?",When did I? Because I've never thrown a tantrum in my life.
3,8,0 days 00:00:18.340000,0 days 00:00:20.100000,"지금 내고 있잖아요, 지금.",18.34,20.1,"You're paying it now, right now.","You're paying now, right now.","You're paying it, now."
3,9,0 days 00:00:20.100000,0 days 00:00:21.580000,내가 언제요? 언제요?,20.1,21.58,When am I? When?,When am I? When?,I said when? When?
3,10,0 days 00:00:21.580000,0 days 00:00:23.580000,지금 내고 있는 게 짜증이에요.,21.58,23.58,I'm annoyed that I'm paying now.,I'm annoyed that I'm putting it out now.,I hate what I'm paying now.
3,11,0 days 00:00:23.580000,0 days 00:00:25.580000,짜증이라는 단어로 몰라요?,23.58,25.58,"Don't you know the word ""annoyed""?",Don't you know the word annoyance?,Can't tell by the word annoyed?
3,12,0 days 00:00:27.100000,0 days 00:00:29.380000,"엄마, 여기서 뭐 하냐?",27.1,29.38,"Mom, what are you doing here?","Mom, what are you doing here?","Mom, what are you doing here?"
3,13,0 days 00:00:29.440000,0 days 00:00:31.080000,둘이서 뭐 사랑 싸움이라도 하는 거야?,29.44,31.08,Are you two having a love fight or something?,What kind of love fight are you two having with?,Are you two having a love affair or something?
3,14,0 days 00:00:31.080000,0 days 00:00:32.560000,뭔 웃소리야?,31.08,32.56,What are you laughing at?,What kind of laughter are you?,What are you laughing at?
3,15,0 days 00:00:32.560000,0 days 00:00:33.920000,근데 그 차는 또 뭐야?,32.56,33.92,But what is that car again?,But what else is that car?,But what's with the car?
3,16,0 days 00:00:33.920000,0 days 00:00:36.140000,나 이제 곧 드라마 촬영이 잤냐.,33.92,36.14,Am I about to finish filming the drama?,I'm about to shoot a drama.,I'm about to start filming a soap opera.
3,17,0 days 00:00:36.140000,0 days 00:00:37.640000,그래서 하나 장만 했지?,36.14,37.64,"So you bought one, right?","So you only bought one, right?","So you only bought one, right?"
3,18,0 days 00:00:37.640000,0 days 00:00:40.560000,"참, 나 뭐 그 대단한 역할이라고 차까지 사.",37.64,40.56,"By the way, I even bought a car for such a great role.","Well, I even bought a car for that great role.","Oh, and I bought a car for being such a great role model."
3,19,0 days 00:00:40.560000,0 days 00:00:41.560000,"아, 시끄럽고.",40.56,41.56,"Ah, it's noisy.","Oh, it's noisy.","Oh, and loud."
3,20,0 days 00:00:41.560000,0 days 00:00:43.760000,"야, 추운데 타. 내 집까지 찾아줄게.",41.56,43.76,"Hey, it's cold. Get in. I'll find you my house.","Hey, it's cold, but I'll find you to my house.","Hey, it's cold, get in. I'll take you to my house."
3,21,0 days 00:00:43.760000,0 days 00:00:45.360000,"아유, 참.",43.76,45.36,"Ah, indeed.","Ayu, true.",Oops.
3,22,0 days 00:00:46.440000,0 days 00:00:48.760000,레베카.,46.44,48.76,Rebecca.,Rebecca.,Rebecca.
3,23,0 days 00:00:51.480000,0 days 00:00:52.680000,환영합니다.,51.48,52.68,welcome.,Welcome.,Welcome.
3,24,0 days 00:00:52.680000,0 days 00:00:54.560000,"아유, 얼마나 오래된 거야, 이거?",52.68,54.56,"Wow, how old is this?","Ayu, how old is this?","Ouch, how old is this, this?"
3,25,0 days 00:00:54.560000,0 days 00:00:55.600000,불러가기나 해?,54.56,55.6,Can you call me?,Do you want to call me?,Recall?
3,26,0 days 00:00:55.600000,0 days 00:00:56.500000,당연하지.,55.6,56.5,of course.,Of course.,Of course.
3,27,0 days 00:00:56.500000,0 days 00:00:58.960000,이 보기보다 이 레베카가 엄청 잘 나가거든?,56.5,58.96,"This Rebecca is a lot better than she looks, right?",This Rebecca is much better than it looks.,Because this Rebecca is way better looking than this one.
3,28,0 days 00:00:59.900000,0 days 00:01:01.900000,"자, 그럼 출발합니다.",59.9,61.9,"Okay then, let's go.","So, let's go.","Okay, let's get started."
3,29,0 days 00:01:06.460000,0 days 00:01:08.220000,"아유, 레베카.",66.46,68.22,"Wow, Rebecca.","Ayu, Rebecca.","Ouch, Rebecca."
3,30,0 days 00:01:08.220000,0 days 00:01:10.900000,뭐야? 설마 지금 시동 꺼진 거야?,68.22,70.9,what? Is it really true that the engine is off now?,What the heck? Could it be that the ignition is off now?,"What the heck, is it off now?"
3,31,0 days 00:01:10.900000,0 days 00:01:12.660000,"괜찮아, 괜찮아.",70.9,72.66,"It's okay, it's okay.","It's okay, it's okay.","It's okay, it's okay."
3,32,0 days 00:01:12.660000,0 days 00:01:14.660000,"시동이야, 다시 그러면 되지 뭐.",72.66,74.66,"It's a start, just do it again.","It's starting, and it can't be done again.","It's a startup, we'll do it again."
3,33,0 days 00:01:20.500000,0 days 00:01:21.180000,"뭐야, 이거?",80.5,81.18,What is this?,What is this?,What is this?
3,34,0 days 00:01:21.180000,0 days 00:01:23.300000,"아이, 괜찮아, 괜찮아.",81.18,83.3,"Baby, it's okay, it's okay.","Child, it's okay, it's okay.","Ai, it's okay, it's okay."
3,35,0 days 00:01:23.300000,0 days 00:01:25.460000,안전벨트 다시 깨면 되지 뭐.,83.3,85.46,Why not just break the seat belt again?,You can break your seat belt again.,I'll just have to fasten my seatbelt again.
3,36,0 days 00:01:25.460000,0 days 00:01:26.460000,자.,85.46,86.46,ruler.,Ruler.,Now.
3,37,0 days 00:01:29.960000,0 days 00:01:31.860000,"아이, 괜찮아, 괜찮아.",89.96,91.86,"Baby, it's okay, it's okay.","Child, it's okay, it's okay.","Ai, it's okay, it's okay."
3,38,0 days 00:01:31.860000,0 days 00:01:33.260000,"괜찮아, 뭐 괜찮아?",91.86,93.26,Are you okay? Are you okay?,"Okay, what's okay?","You're okay, what's wrong?"
3,39,0 days 00:01:33.260000,0 days 00:01:34.340000,나 내릴래.,93.26,94.34,I want to get off.,I'll get off.,I'm out.
3,40,0 days 00:01:34.340000,0 days 00:01:35.980000,"이거 왜, 왜 안 열려?",94.34,95.98,Why isn't this opening?,Why is this not open?,"Why, why won't this open?"
3,41,0 days 00:01:35.980000,0 days 00:01:36.780000,왜 안 열려?,95.98,96.78,Why doesn't it open?,Why isn't it open?,Why won't it open?
3,42,0 days 00:01:36.780000,0 days 00:01:37.540000,그거 안 열려.,96.78,97.54,It doesn't open.,It won't open.,It won't open.
3,43,0 days 00:01:37.540000,0 days 00:01:38.980000,그거 밖에서만 열려.,97.54,98.98,It's only open outside.,It's only open outside.,Only open outside of that.
3,44,0 days 00:01:38.980000,0 days 00:01:40.340000,뭐?,98.98,100.34,what?,What?,What?
3,45,0 days 00:01:40.340000,0 days 00:01:42.220000,"아이, 괜찮아, 괜찮아.",100.34,102.22,"Baby, it's okay, it's okay.","Child, it's okay, it's okay.","Ai, it's okay, it's okay."
3,46,0 days 00:01:42.220000,0 days 00:01:44.780000,"아니, 문이야. 내가 나가서 밖에서 열어주면 되지 뭐.",102.22,104.78,"No, it's a door. I can go out and open it outside.","No, it's a door. I can go out and open it outside.","No, it's a door. I'll go out and open it from the outside."
3,47,0 days 00:01:44.780000,0 days 00:01:45.620000,"아유, 진짜.",104.78,105.62,"Wow, really.","Ayu, really.","Ouch, really."
3,48,0 days 00:01:45.620000,0 days 00:01:46.580000,"야, 야, 야.",105.62,106.58,"Hey, hey, hey.",Hey hey hey.,"Hey, hey, hey."
3,49,0 days 00:01:46.580000,0 days 00:01:47.580000,"야, 레베카.",106.58,107.58,Hey Rebecca.,"Hey, Rebecca.","Hey, Rebecca."
3,50,0 days 00:01:47.580000,0 days 00:01:48.820000,"야, 뭐야?",107.58,108.82,"Hey, what is it?","Hey, what is it?","Hey, what's up?"
3,51,0 days 00:01:48.820000,0 days 00:01:50.580000,"이거 왜, 왜 떨어져, 이거?",108.82,110.58,"Why is this, why is it falling?","Why is this, why is it falling, this?","What's wrong with this, why is it falling off, this?"
3,52,0 days 00:01:50.580000,0 days 00:01:51.980000,"아유, 레베카 좀 놔둬.",110.58,111.98,"Oh, leave Rebecca alone.","Ayu, leave Rebecca alone.","Ouch, Rebecca, leave her alone."
3,53,0 days 00:01:51.980000,0 days 00:01:53.180000,속이 다 보여.,111.98,113.18,I can see everything inside.,I can see the inside.,You can see through it.
3,54,0 days 00:01:53.180000,0 days 00:01:54.780000,"아유, 레베카가 원래 투명한 친구야.",113.18,114.78,"Wow, Rebecca is actually a transparent friend.","Ayu, Rebecca is originally an invisible friend.","Oops, Rebecca's the transparent one."
3,55,0 days 00:01:54.780000,0 days 00:01:55.340000,가만있어 봐.,114.78,115.34,Just stay still.,Stay still.,Try being still.
3,56,0 days 00:01:55.340000,0 days 00:01:57.140000,"조립이야, 뭐야 이게?",115.34,117.14,"Assembly, what is this?","Assembly, what is this?","Assembly, what is this?"
3,57,0 days 00:01:57.140000,0 days 00:01:58.340000,"어, 걸렸다.",117.14,118.34,"Oh, I got caught.","Uh, I got caught.","Uh, it got stuck."
3,58,0 days 00:01:58.480000,0 days 00:02:00.920000,"자, 이제 그럼 출발합니다.",118.48,120.92,"Now then, let's go.","Well, now let's go.","So, let's get started."
3,59,0 days 00:02:00.920000,0 days 00:02:01.920000,"어, 어, 어.",120.92,121.92,"Uh, uh, uh.","Uh, uh, uh.","Uh, uh, uh, uh."
3,60,0 days 00:02:01.920000,0 days 00:02:02.920000,"어, 어, 어.",121.92,122.92,"Uh, uh, uh.","Uh, uh, uh.","Uh, uh, uh, uh."
3,61,0 days 00:02:02.920000,0 days 00:02:03.920000,"어, 어, 어.",122.92,123.92,"Uh, uh, uh.","Uh, uh, uh.","Uh, uh, uh, uh."
3,62,0 days 00:02:03.920000,0 days 00:02:04.920000,"어, 어, 어.",123.92,124.92,"Uh, uh, uh.","Uh, uh, uh.","Uh, uh, uh, uh."
3,63,0 days 00:02:04.920000,0 days 00:02:05.920000,"어, 어, 어.",124.92,125.92,"Uh, uh, uh.","Uh, uh, uh.","Uh, uh, uh, uh."
3,64,0 days 00:02:05.920000,0 days 00:02:06.920000,"어, 어, 어.",125.92,126.92,"Uh, uh, uh.","Uh, uh, uh.","Uh, uh, uh, uh."
3,65,0 days 00:02:06.920000,0 days 00:02:07.920000,레베카.,126.92,127.92,Rebecca.,Rebecca.,Rebecca.
3,66,0 days 00:02:07.920000,0 days 00:02:08.920000,나의 레베카.,127.92,128.92,My Rebecca.,My Rebecca.,My Rebecca.
3,67,0 days 00:02:08.920000,0 days 00:02:09.920000,나의 레베카.,128.92,129.92,My Rebecca.,My Rebecca.,My Rebecca.
3,68,0 days 00:02:09.920000,0 days 00:02:10.920000,나의 레베카.,129.92,130.92,My Rebecca.,My Rebecca.,My Rebecca.
3,69,0 days 00:02:10.920000,0 days 00:02:11.920000,나의 레베카.,130.92,131.92,My Rebecca.,My Rebecca.,My Rebecca.
3,70,0 days 00:02:11.920000,0 days 00:02:12.920000,나의 레베카.,131.92,132.92,My Rebecca.,My Rebecca.,My Rebecca.
3,71,0 days 00:02:12.920000,0 days 00:02:13.920000,나의 레베카.,132.92,133.92,My Rebecca.,My Rebecca.,My Rebecca.
3,72,0 days 00:02:13.920000,0 days 00:02:14.920000,나의 레베카.,133.92,134.92,My Rebecca.,My Rebecca.,My Rebecca.
3,73,0 days 00:02:14.920000,0 days 00:02:15.920000,나의 레베카.,134.92,135.92,My Rebecca.,My Rebecca.,My Rebecca.
3,74,0 days 00:02:15.920000,0 days 00:02:16.920000,"경구, 왜 저래?",135.92,136.92,"Gyeonggi, why are you like that?","Orally, why do you do that?","Oral, what's wrong?"
3,75,0 days 00:02:16.920000,0 days 00:02:17.920000,죽을 뻔했네.,136.92,137.92,I almost died.,I almost died.,You almost died.
3,76,0 days 00:02:17.920000,0 days 00:02:18.920000,죽은다.,137.92,138.92,die.,die.,Dead.
3,77,0 days 00:02:18.920000,0 days 00:02:21.920000,"형, 레베카가 그거 타나 봐라 내가.",138.92,141.92,"Brother, let's see if Rebecca rides it.","Brother, Rebecca will ride it.","Dean, see if Rebecca can get on it. I can."
3,78,0 days 00:02:21.920000,0 days 00:02:23.920000,"에이, 그 사내자식이 겁만 많아가지고.",141.92,143.92,"Oh, that boy is so scared.","Oh, that boy is just scared.","Man, that guy's getting cowardly."
3,79,0 days 00:02:23.920000,0 days 00:02:24.920000,"괜찮아, 괜찮아.",143.92,144.92,"It's okay, it's okay.","It's okay, it's okay.","It's okay, it's okay."
3,80,0 days 00:02:24.920000,0 days 00:02:25.920000,"하지 마, 그거.",144.92,145.92,Don't do that.,Don't do that.,"Don't, that."
3,81,0 days 00:02:26.500000,0 days 00:02:27.500000,"도식 씨, 솔이 이리주세요.",146.5,147.5,"Mr. Do-sik, please give me Sol.","Mr. Do-sik, please come here.","Mr. Schematic, give me the brush."
3,82,0 days 00:02:27.500000,0 days 00:02:28.500000,고생하셨어요.,147.5,148.5,Thank you for your hard work.,You have had a hard time.,Thank you for your efforts.
3,83,0 days 00:02:28.500000,0 days 00:02:29.500000,엄마한테 가자.,148.5,149.5,Let's go to mom.,Let's go to mom.,Let's go to my mom.
3,84,0 days 00:02:29.500000,0 days 00:02:30.500000,"아, 솔아 보고 싶었어.",149.5,150.5,"Ah, I missed Sol-ah.","Oh, I missed you.","Oh, I missed you."
3,85,0 days 00:02:30.500000,0 days 00:02:31.500000,"아, 보고 싶었어.",150.5,151.5,"Oh, I missed you.","Oh, I missed you.","Ah, I missed you."
3,86,0 days 00:02:31.500000,0 days 00:02:32.500000,"아, 보고 싶었어.",151.5,152.5,"Oh, I missed you.","Oh, I missed you.","Ah, I missed you."
3,87,0 days 00:02:32.500000,0 days 00:02:33.500000,나도 보고 싶었어.,152.5,153.5,I missed you too.,I missed you too.,I missed you too.
4,1,0 days 00:00:00,0 days 00:00:03.180000,"서진아, 저기. 저 갈대를 좀 봐봐.",0.0,3.18,"Seojin, over there. Look at those reeds.","Seo Jin-ah, over there. Look at that reed.","Seo Jin, look. Look at those reeds."
4,2,0 days 00:00:05.180000,0 days 00:00:06.680000,"아, 봐봐. 저 갈대.",5.18,6.68,"Oh, look. That reed.","Oh, look. That reed.","Ah, look. Those reeds."
4,3,0 days 00:00:08.680000,0 days 00:00:12.740000,"저 갈대는 바람이 불면 흔들리지만, 절대로 넘어지지 않잖아.",8.68,12.74,"That reed shakes when the wind blows, but it never falls.","Those reeds shake when the wind blows, but they never fall.","That reed sways in the wind, but it never falls over."
4,4,0 days 00:00:12.740000,0 days 00:00:13.540000,근데...,12.74,13.54,however...,But...,But...
4,5,0 days 00:00:13.540000,0 days 00:00:21.340000,"그러니까, 너도 지금 이 모진 바람을 이겨낸다면, 저 갈대처럼 다시 일어나, 아름다운 꽃을 피울 수 있다라는 거지.",13.54,21.34,"So, if you can overcome this harsh wind, you can rise again like that reed and bloom a beautiful flower.","So, if you can overcome this strong wind now, you can rise again like that reed and bloom beautifully.","The point is, if you can weather the storm, you, like that reed, can rise again and blossom into a beautiful flower."
4,6,0 days 00:00:22.300000,0 days 00:00:23.540000,무슨 뜻인지 알겠어?,22.3,23.54,Do you know what I mean?,Do you know what I mean?,See what I mean?
4,7,0 days 00:00:23.540000,0 days 00:00:26.340000,"알았어. 알았어니까, 얼른 집에 가자, 어?",23.54,26.34,"okay. Okay, let's go home right away, okay?","All right. Okay, let's go home quickly, huh?","Okay. Okay, let's go home, okay?"
4,8,0 days 00:00:26.780000,0 days 00:00:30.780000,이 자식. 너도 오빠 말 들으니까 힘이 좀 나고 그러는구나?,26.78,30.78,This bastard. I guess you feel a little stronger after hearing what you say?,"This bastard. You also feel a little stronger because you listen to your brother, right?","You asshole. You're feeling a little stronger listening to him, aren't you?"
4,9,0 days 00:00:30.780000,0 days 00:00:33.780000,"응. 힘 나. 힘 나니까 얼른 집에 가자고, 제발.",30.78,33.78,"huh. Power me. I'm feeling stronger so let's go home quickly, please.","I'm strong, so let's go home quickly, please.","Yeah. Come on, come on, come on, let's go home, please."
4,10,0 days 00:00:34.280000,0 days 00:00:37.080000,이 자식. 이 귀여운 자식.,34.28,37.08,This bastard. This cute bastard.,This bastard. This cute bastard.,This bastard. You cute little bastard.
4,11,0 days 00:00:37.080000,0 days 00:00:38.580000,"그래, 알았어. 가자.",37.08,38.58,"Okay, okay. let's go.","yes, okay. Let's go.","Okay, okay, let's go."
4,12,0 days 00:00:40.280000,0 days 00:00:42.580000,"자, 그럼 이제 출발합니다.",40.28,42.58,"Okay then, let’s go now.","Well, let's go.","Okay, let's get started."
4,13,0 days 00:00:43.180000,0 days 00:00:44.380000,출발합니다.,43.18,44.38,Let's go.,Let's go.,Depart.
4,14,0 days 00:00:47.080000,0 days 00:00:47.780000,왜 이래?,47.08,47.78,Why is this happening?,Why is this?,What's wrong?
4,15,0 days 00:00:47.780000,0 days 00:00:49.280000,괜찮아. 괜찮아.,47.78,49.28,are you okay. are you okay.,It's all right. It's all right.,"It's okay, it's okay."
4,16,0 days 00:00:50.080000,0 days 00:00:52.280000,나 괜찮아. 이 자식 못 피우는데.,50.08,52.28,I'm fine. This kid can't smoke.,I'm fine. I can't smoke this bastard.,I'm fine. I can't smoke this shit.
4,17,0 days 00:00:52.280000,0 days 00:00:53.780000,"아이, 얘를 죽여.",52.28,53.78,"Boy, kill him.","Child, kill him.","Ai, kill him."
4,18,0 days 00:00:57.080000,0 days 00:00:58.780000,"이 중기, 잘했어.",57.08,58.78,"Lee Joong-ki, good job.","This middle period, well done.","This midterm, well done."
4,19,0 days 00:01:01.880000,0 days 00:01:03.580000,"이거 왜, 이거 왜 이래? 이거 왜 이래?",61.88,63.58,"Why is this, why is this like this? Why is this like this?","Why is this, why is this happening? Why is this happening?","What's wrong with this, what's wrong with this, what's wrong with this, what's wrong with this?"
4,20,0 days 00:01:05.080000,0 days 00:01:06.280000,"야, 이거 왜... 야!",65.08,66.28,"Hey, why is this... Hey!","Hey, why is this... Hey man!","Hey, what the... Hey!"
4,21,0 days 00:01:06.780000,0 days 00:01:08.780000,"야, 이거 왜... 야, 야, 야, 야.",66.78,68.78,"Hey, why is this... Hey, hey, hey, hey.","Hey, why is this... Hey hey hey hey.","Hey, what the... Hey, hey, hey, hey, hey."
4,22,0 days 00:01:08.780000,0 days 00:01:10.280000,"서진아, 강서진. 이리 와, 이리 와, 이리 와.",68.78,70.28,"Seo Jin-ah, Kang Seo-jin. Come here, come here, come here.","Seo Jin-ah, Kang Seo-jin. Come here, come here, come here.","Seo Jin Ah, Seo Jin Kang. Come here, come here, come here, come here."
4,23,0 days 00:01:10.280000,0 days 00:01:13.080000,"야, 이거 좀 떼봐. 이거 운전자 방해한단 말이야, 빨리.",70.28,73.08,"Hey, take this off. This thing is disturbing the driver, hurry.","Hey, take this off. This is interfering with the driver, quickly.","Hey, get this off me. It's distracting the driver, come on."
4,24,0 days 00:01:13.080000,0 days 00:01:15.280000,"아, 가지가지 한다, 진짜.",73.08,75.28,"Oh, it varies, really.","Oh, it's different, really.","Oh, I'm coming, man."
4,25,0 days 00:01:16.280000,0 days 00:01:18.080000,뭐야? 이거 왜 이래?,76.28,78.08,what? Why is this like this?,What the heck? Why is this happening?,What is this? What's going on?
4,26,0 days 00:01:18.080000,0 days 00:01:21.580000,"어, 야, 그거 고장났어. 야, 이거 빨리 떼봐. 이거 봐, 이거 상원한단 말이야, 이거.",78.08,81.58,"Uh, hey, that thing is broken. Hey, take this off quickly. Look at this, this is in the Senate, this.","Uh, hey, that's broken. Hey, take this off quickly. Look at this, this is the Senate, this.","Uh, dude, that's broken. Dude, get this off. Look at this, this is the Senate, this."
4,27,0 days 00:01:21.580000,0 days 00:01:24.080000,"아, 내가 미쳐. 차도 어디 있어.",81.58,84.08,"Oh, I'm going crazy. Where is the car?","Oh, I'm crazy. Where is the car?","Oh, I'm crazy. Where's the car?"
4,28,0 days 00:01:24.320000,0 days 00:01:26.480000,"아, 내가 미쳐. 차도 어디 있어.",84.32,86.48,"Oh, I'm going crazy. Where is the car?","Oh, I'm crazy. Where is the car?","Oh, I'm crazy. Where's the car?"
4,29,0 days 00:01:26.480000,0 days 00:01:27.480000,빠듬어 사가지고.,86.48,87.48,I snatched it up and bought it.,Buy it quickly.,Go get it.
4,30,0 days 00:01:34.020000,0 days 00:01:35.020000,"아우, 잘했다, 야.",94.02,95.02,"Aww, good job, hey.","Oh, well done, hey.","Ouch, good job, dude."
4,31,0 days 00:01:37.020000,0 days 00:01:37.720000,"아, 이거 왜 이래?",97.02,97.72,"Ah, why is this like this?","Oh, why is this happening?","Oh, what's wrong with this?"
4,32,0 days 00:01:37.720000,0 days 00:01:38.520000,"왜, 왜, 왜?",97.72,98.52,"Why, why, why?","Why, why, why?","Why, why, why?"
4,33,0 days 00:01:39.020000,0 days 00:01:40.720000,"아이씨, 오빠. 이거 어떻게 좀 해봐.",99.02,100.72,"Hey, brother. Please do something about this.","Ai, brother. How can I do this?","Hey, brother. Do something about this."
4,34,0 days 00:01:40.720000,0 days 00:01:41.720000,"야, 야, 기다려봐.",100.72,101.72,"Hey, hey, wait.","Hey, hey, wait and see.","Hey, hey, hey, wait."
4,35,0 days 00:01:44.220000,0 days 00:01:45.320000,"아, 더 올라가, 더 올라가.",104.22,105.32,"Ah, go higher, go higher.","Oh, go up, go up.","Ah, higher, higher, higher."
4,36,0 days 00:01:45.320000,0 days 00:01:46.720000,"아, 이거 안 되겠다. 이거 안 돼, 안 돼, 안 돼.",105.32,106.72,"Oh, this won't work. This can't be done, this can't be done, this can't be done.","Oh, this won't work. This is no good, no way, no way.","Oh, this isn't going to work. This won't work, this won't work, this won't work."
4,37,0 days 00:01:46.720000,0 days 00:01:48.820000,"아, 그럼 뭐 차려주세요, 보드가.",106.72,108.82,"Oh, then please prepare something for me, board.","Oh, then please set up a board.","Oh, well, serve me something then, Bodgar."
4,38,0 days 00:01:48.820000,0 days 00:01:50.920000,"차를 지금 어떻게 차려주세요? 차랑 같이 차 오른데, 이씨.",108.82,110.92,"How would you like the tea now? I’m riding with the car, Mr. Lee.","How do you set up your car now? I got up with the car, Mr. Lee.","How would you like your car now? I'm coming with you, Mr. Lee."
4,39,0 days 00:01:50.920000,0 days 00:01:52.320000,"아, 그럼 이렇게 해서 가라고.",110.92,112.32,"Ah, then go like this.","Oh, then go like this.","Ah, so this is how you go."
4,40,0 days 00:01:52.360000,0 days 00:01:54.160000,"아, 기다려봐. 여기, 여기 사거리 좀 차려볼게.",112.36,114.16,"Oh, wait. Here, I'll set up an intersection here.","Oh, wait. Here, let's take a look at the crossroads.","Oh, wait. Here, here, let me set up an intersection."
4,41,0 days 00:01:54.160000,0 days 00:01:54.960000,"기다려봐, 아, 참아.",114.16,114.96,"Wait, wait, wait.","Wait, oh, be patient.","Wait, ah, hold on."
4,42,0 days 00:01:54.960000,0 days 00:01:55.960000,"아, 아!",114.96,115.96,iced coffee!,"Oh, ah!","Ah, ah!"
4,43,0 days 00:01:56.460000,0 days 00:01:58.260000,"오빠, 어떻게 나한테 이럴 수 있어?",116.46,118.26,"Brother, how could you do this to me?","Brother, how can you do this to me?","Brother, how could you do this to me?"
4,44,0 days 00:01:58.260000,0 days 00:01:59.060000,어떻게?,118.26,119.06,how?,How to?,How?
4,45,0 days 00:01:59.060000,0 days 00:02:01.360000,"나 원래 이런 놈이야, 몰랐어?",119.06,121.36,"I’m basically this kind of guy, didn’t you know?","I was originally like this, didn't you?","I'm this kind of guy, didn't you know?"
4,46,0 days 00:02:01.360000,0 days 00:02:05.960000,"그리고 뭐 살다 보면 다른 여자도 만날 수도 있고 그런 거 지금 별것도 아닌 거 가지고 오바야, 이씨.",121.36,125.96,"And, as you live, you may meet other women, and that's not a big deal right now. Oh, Mr. Lee.","And well, in life, you can meet other women, and you can take something like that now, Mr. Lee.","And you may meet other women in your life, and you may meet other women, and that's not a big deal right now, Mr. Lee."
4,47,0 days 00:02:05.960000,0 days 00:02:07.160000,그걸 지금 말이라고 해?,125.96,127.16,Are you saying that now?,Do you call that now?,You call that a horse now?
4,48,0 days 00:02:07.860000,0 days 00:02:08.860000,바쁜 자식.,127.86,128.86,Busy bastard.,Busy child.,Busy bastard.
4,49,0 days 00:02:09.720000,0 days 00:02:11.420000,"아, 그래, 그래. 야, 한 대 때려, 어?",129.72,131.42,"Ah, yes, yes. Hey, hit me, okay?","Oh, yes, yes. Hey, hit me, huh?","Oh, yeah, yeah, yeah. Hey, punch him, huh?"
4,50,0 days 00:02:11.420000,0 days 00:02:13.620000,한 대 시원하게 때리고 우리 쿨하고 아름답게 이별하자.,131.42,133.62,Let's give him a nice slap and say goodbye coolly and beautifully.,Let's give a cool hit and say goodbye coolly and beautifully.,Let's slap him and part ways cool and beautiful.
4,51,0 days 00:02:13.620000,0 days 00:02:15.220000,"자, 때려. 준비됐어.",133.62,135.22,"Now, hit it. I'm ready.","Now, hit me. I'm ready.","Okay, hit it. I'm ready."
4,52,0 days 00:02:15.220000,0 days 00:02:16.020000,들어와.,135.22,136.02,Come in.,Come in.,Come in.
4,53,0 days 00:02:16.020000,0 days 00:02:17.320000,"야, 빨리 그만 질이자고.",136.02,137.32,"Hey, let's stop crying quickly.","Hey, let's stop doing it quickly.","Dude, let's just stop bullshitting already."
4,54,0 days 00:02:17.320000,0 days 00:02:18.820000,"자, 아름답게 이별하자.",137.32,138.82,"Now, let’s bid farewell to each other beautifully.","Now, let's say goodbye beautifully.","Now, let's part ways beautifully."
4,55,0 days 00:02:18.820000,0 days 00:02:19.320000,때려!,138.82,139.32,Hit me!,Hit me!,Hit!
0000,1,0 days 00:00:00,0 days 00:00:02,렛츠 고 렛츠 고,0.0,2.0,Let's go Let's go,Let's go Let's go,Let's Go Let's Go
0000,2,0 days 00:00:02,0 days 00:00:04,렛츠 고 렛츠 고 렛츠 고,2.0,4.0,Let's go Let's go Let's go,Let's go Let's go Let's go,Let's Go Let's Go Let's Go Let's Go
0000,3,0 days 00:00:04,0 days 00:00:06,렛츠 고 렛츠 고 렛츠 고,4.0,6.0,Let's go Let's go Let's go,Let's go Let's go Let's go,Let's Go Let's Go Let's Go Let's Go
0000,4,0 days 00:00:06,0 days 00:00:08,렛츠 고 렛츠 고 렛츠 고,6.0,8.0,Let's go Let's go Let's go,Let's go Let's go Let's go,Let's Go Let's Go Let's Go Let's Go
0000,5,0 days 00:00:09,0 days 00:00:11,얼굴 없는 핏,9.0,11.0,fit without face,Faceless Fit,Faceless Fit
0000,6,0 days 00:00:11,0 days 00:00:14,파티 날리는 followers,11.0,14.0,Party blowing followers,Followers Flying Party,Party-busting followers
0000,7,0 days 00:00:14,0 days 00:00:17,I'm head of instagram,14.0,17.0,I'm head of instagram,I'm head of instagram,I'm head of instagram
0000,8,0 days 00:00:17,0 days 00:00:19,head of tiktok,17.0,19.0,head of tiktok,head of tiktok,head of tiktok
0000,9,0 days 00:00:19,0 days 00:00:21,락 갈린 갤러리,19.0,21.0,Lac Galin Gallery,Rock Gallin Gallery,Rakgalin Gallery
0000,10,0 days 00:00:21,0 days 00:00:23,불법 없는 핏,21.0,23.0,Fit without illegality,Illegal Fit,Fit without illegality
0000,11,0 days 00:00:23,0 days 00:00:25,뭔데 운동도 안 하고,23.0,25.0,Why am I not even exercising?,I don't exercise for anything,You're not working out.
0000,12,0 days 00:00:25,0 days 00:00:28,메이크업 하나도 못 하고,25.0,28.0,I can't even do any makeup,I can't put on any makeup.,I can't wear any makeup
0000,13,0 days 00:00:28,0 days 00:00:32,그래 난 내가 봐도 별로인걸,28.0,32.0,"Yeah, even when I look at it, I’m not that good.","Yes, I don't think I'm good at it.","Yeah, I don't like it either."
0000,14,0 days 00:00:32,0 days 00:00:34,매일 밤 in 탐색탭,32.0,34.0,Every night in navigation tab,Every night in the Explore tab,Every Night in Navigation Tab
0000,15,0 days 00:00:34,0 days 00:00:35,나만 없는 샤넬,34.0,35.0,Chanel without me,Chanel without me,Chanel without me
0000,16,0 days 00:00:35,0 days 00:00:38,왠지 나보다 성숙한 요즘 시대,35.0,38.0,"Somehow these days, people are more mature than me","For some reason, these days are more mature than me",Somehow more mature than me these days
0000,17,0 days 00:00:38,0 days 00:00:41,mz 해시태그 외도할 축해,38.0,41.0,mz hashtag affair congratulations,MZ hashtag cheating.,MZ Hashtag Celebration of Infidelity
0000,18,0 days 00:00:41,0 days 00:00:44,세상은 나 빼고 질토래가,41.0,44.0,The world is miserable without me,The world is all about me,The world is going crazy except for me.
0000,19,0 days 00:00:45,0 days 00:00:48,Please give me the help button,45.0,48.0,Please give me the help button,Please give me the help button,Please give me the help button
0000,20,0 days 00:00:48,0 days 00:00:51,넌 내가 너무 싫거든,48.0,51.0,you hate me so much,You hate me so much,You hate me so much
0000,21,0 days 00:00:51,0 days 00:00:53,All right,51.0,53.0,All right,All right,All right
0000,22,0 days 00:00:53,0 days 00:00:54,Oh my oh my,53.0,54.0,Oh my oh my,Oh my oh my,Oh my oh my
0000,23,0 days 00:00:54,0 days 00:00:55,빌어먹을 마이넷,54.0,55.0,Damn mynet,Mynet,Damn MyNet
0000,24,0 days 00:00:55,0 days 00:00:57,Why you pretty,55.0,57.0,Why you pretty,Why you pretty,Why you pretty
0000,25,0 days 00:00:57,0 days 00:00:58,Why you love,57.0,58.0,Why you love,Why you love,Why you love
0000,26,0 days 00:00:58,0 days 00:00:59,Why you sexy,58.0,59.0,Why you sexy,Why you sexy,Why you sexy
0000,27,0 days 00:00:59,0 days 00:01:01,Why am I me,59.0,61.0,Why am I me,Why am I me,Why am I me
0000,28,0 days 00:01:01,0 days 00:01:02,Love me love me,61.0,62.0,Love me love me,Love me love me,Love me love me
0000,29,0 days 00:01:02,0 days 00:01:03,Love me love me,62.0,63.0,Love me love me,Love me love me,Love me love me
0000,30,0 days 00:01:03,0 days 00:01:04,Love me one,63.0,64.0,Love me one,Love me one,Love me one
0000,31,0 days 00:01:04,0 days 00:01:05,Love me love me,64.0,65.0,Love me love me,Love me love me,Love me love me
0000,32,0 days 00:01:05,0 days 00:01:06,Love me love me,65.0,66.0,Love me love me,Love me love me,Love me love me
0000,33,0 days 00:01:06,0 days 00:01:07,Love me one,66.0,67.0,Love me one,Love me one,Love me one
0000,34,0 days 00:01:07,0 days 00:01:08,She's so pretty,67.0,68.0,She's so pretty,She's so pretty,She's so pretty
0000,35,0 days 00:01:08,0 days 00:01:09,Yeah so lovely,68.0,69.0,Yeah so lovely,Yeah so lovely,Yeah so lovely
0000,36,0 days 00:01:09,0 days 00:01:11,She got everything,69.0,71.0,She got everything,She got everything,She got everything
0000,37,0 days 00:01:11,0 days 00:01:13,Why am I not her,71.0,73.0,Why am I not her,Why am I not her,Why am I not her
0000,38,0 days 00:01:13,0 days 00:01:14,Love me love me,73.0,74.0,Love me love me,Love me love me,Love me love me
0000,39,0 days 00:01:14,0 days 00:01:15,Love me love me,74.0,75.0,Love me love me,Love me love me,Love me love me
0000,40,0 days 00:01:15,0 days 00:01:16,Love me but,75.0,76.0,Love me but,Love me but,Love me but
0000,41,0 days 00:01:16,0 days 00:01:17,빌어먹을,76.0,77.0,Damn it,bloody hell,Damn
0000,42,0 days 00:01:17,0 days 00:01:19,Hot makeover allergy,77.0,79.0,Hot makeup allergy,Hot makeover allergy,Hot makeover allergy
0000,43,0 days 00:01:21,0 days 00:01:23,Not the one to dance,81.0,83.0,Not the one to dance,Not the one to dance,Not the one to dance
0000,44,0 days 00:01:23,0 days 00:01:24,Hi boy,83.0,84.0,Hi boy,Hi boy,Hi boy
0000,45,0 days 00:01:24,0 days 00:01:27,빛 화면 속엔 날 탐보이,84.0,87.0,"In the light screen, I’m Tom Boy",Tamboy me on the light screen,Tamboy in the light screen
0000,46,0 days 00:01:27,0 days 00:01:29,Leaving a mark,87.0,89.0,Leaving a mark,Leaving a mark,Leaving a mark
0000,47,0 days 00:01:29,0 days 00:01:54,Be happy,89.0,114.0,Be happy,Be happy,Be happy
0000,48,0 days 00:01:54,0 days 00:01:55.420000,"Oh my, oh my",114.0,115.42,"Oh my, oh my","Oh my, oh my","Oh my, oh my"
0000,49,0 days 00:01:55.420000,0 days 00:01:56.820000,피로 먹을 My name,115.42,116.82,My name will be eaten with blood,My name to eat with blood,My name for blood
0000,50,0 days 00:01:56.820000,0 days 00:01:59.720000,Why am I pretty? Why am I lovely?,116.82,119.72,Why am I pretty? Why am I lovely?,Why am I pretty? Why am I lovely?,Why am I pretty? Why am I lovely?
0000,51,0 days 00:01:59.720000,0 days 00:02:03,Why am I sexy? Why am I me?,119.72,123.0,Why am I sexy? Why am I me?,Why am I sexy? Why am I me?,Why am I sexy? Why am I me?
0000,52,0 days 00:02:03,0 days 00:02:05.880000,"Love me, love me, love me, love me, love me, what?",123.0,125.88,"Love me, love me, love me, love me, love me, what?","Love me, love me, love me, love me, love me, what?","Love me, love me, love me, love me, love me, love me, what?"
0000,53,0 days 00:02:05.880000,0 days 00:02:08.440000,"Love me, love me, love me, love me, love me, what?",125.88,128.44,"Love me, love me, love me, love me, love me, what?","Love me, love me, love me, love me, love me, what?","Love me, love me, love me, love me, love me, love me, what?"
0000,54,0 days 00:02:08.440000,0 days 00:02:11.120000,"She's so pretty, yeah, so lovely",128.44,131.12,"She's so pretty, yeah, so lovely","She's so pretty, yeah, so lovely","She's so pretty, yeah, so lovely"
0000,55,0 days 00:02:11.120000,0 days 00:02:14.600000,"She got everything, why am I not her?",131.12,134.6,"She got everything, why am I not her?","She got everything, why am I not her?","She got everything, why am I not her?"
0000,56,0 days 00:02:14.600000,0 days 00:02:17.560000,"Love me, love me, love me, love me, love me, but",134.6,137.56,"Love me, love me, love me, love me, love me, but","Love me, love me, love me, love me, love me, but","Love me, love me, love me, love me, love me, love me, love me, but"
0000,57,0 days 00:02:17.560000,0 days 00:02:20.080000,피로 먹을 내 코울 알레르기,137.56,140.08,I'm allergic to my cologne,Allergy to my cough,My cowl allergy to blood meal
0000,58,0 days 00:02:20.080000,0 days 00:02:31.740000,La la la la…,140.08,151.74,La la la la…,La la la la…,La la la la la...
0000,59,0 days 00:02:31.740000,0 days 00:02:43.680000,La la la la…,151.74,163.68,La la la la…,La la la la…,La la la la la...
0000,60,0 days 00:02:43.680000,0 days 00:02:46.960000,피로 먹을 내바울 알레르기,163.68,166.96,Allergy to blood and food,Allergy to eating blood,Allergy to blood meal
0000,61,0 days 00:02:49.560000,0 days 00:02:50.060000,Take a deep breath,169.56,170.06,Take a deep breath,Take a deep breath,Take a deep breath
0000,62,0 days 00:02:50.060000,0 days 00:03:20.040000,다음 영상에서 만나요.,170.06,200.04,See you in the next video.,See you in the next video.,See you in the next video.
0005,1,0 days 00:00:00,0 days 00:00:15.340000,내일이 올 거라는데,0.0,15.34,They say tomorrow will come,Tomorrow will come,Tomorrow will come.
0005,2,0 days 00:00:15.340000,0 days 00:00:21.500000,난 핸드폰을 놓지 못해,15.34,21.5,I can't let go of my phone,I can't let go of my phone,I can't let go of my phone
0005,3,0 days 00:00:21.500000,0 days 00:00:26.120000,잠은 올 생각이 없대,21.5,26.12,He said he had no intention of going to sleep.,I don't want to sleep,He doesn't want to sleep
0005,4,0 days 00:00:26.120000,0 days 00:00:31.400000,다시 인스타그램 인스타그램 하네,26.12,31.4,I'm on Instagram again on Instagram,Instagram again Instagram Hane,Instagramming again
0005,5,0 days 00:00:31.400000,0 days 00:00:36.380000,잘난 사람 많고 많지,31.4,36.38,There are a lot of good people,"There are many good people, there are many people",There's a lot of smugness.
0005,6,0 days 00:00:36.380000,0 days 00:00:40.580000,누군 어딜 놀러 갔다지,36.38,40.58,Where did someone go to play?,Who went to play somewhere,Someone went out somewhere
0005,7,0 days 00:00:40.580000,0 days 00:00:45.160000,좋아요는 안 눌렀어,40.58,45.16,I didn't click the like button,I didn't like it,I didn't like it
0005,8,0 days 00:00:45.160000,0 days 00:00:47.220000,나만 이런 것 같아서,45.16,47.22,I feel like I'm the only one like this,I think I'm the only one like this,I think I'm the only one who does this.
0005,9,0 days 00:00:47.220000,0 days 00:00:51.440000,저기 인스타그램 인스타그램 속에,47.22,51.44,Over there on Instagram Instagram,Over there on Instagram Instagram,Over there on Instagram
0005,10,0 days 00:00:51.440000,0 days 00:00:54.640000,문제야 문제,51.44,54.64,"It's a problem, it's a problem","It's a problem, it's a problem","Problem, problem"
0005,11,0 days 00:00:54.640000,0 days 00:00:57.880000,온 세상 속에,54.64,57.88,in the whole world,In the whole world,In the whole world
0005,12,0 days 00:00:57.880000,0 days 00:01:02.020000,똑같은 사랑 노래가,57.88,62.02,The same love song,The same love song,The same love song
0005,13,0 days 00:01:02.020000,0 days 00:01:05.280000,와닿지 못할,62.02,65.28,I can't reach you,Unreachable,Unreachable
0005,14,0 days 00:01:05.280000,0 days 00:01:07.840000,나의 밤 속에,65.28,67.84,in my night,In my night,In My Night
0005,15,0 days 00:01:07.840000,0 days 00:01:12.640000,생각이 너무 많네,67.84,72.64,I'm thinking too much,I have so many thoughts,I'm thinking too much
0005,16,0 days 00:01:12.640000,0 days 00:01:14.940000,뚜뚜뚜뚜,72.64,74.94,Too-too-too-too,Tututu,Tut-tut-tut
0005,17,0 days 00:01:14.940000,0 days 00:01:17.640000,뚜뚜뚜뚜,74.94,77.64,Too-too-too-too,Tututu,Tut-tut-tut
0005,18,0 days 00:01:17.640000,0 days 00:01:19.960000,뚜뚜뚜뚜,77.64,79.96,Too-too-too-too,Tututu,Tut-tut-tut
0005,19,0 days 00:01:19.960000,0 days 00:01:21.640000,뚜뚜뚜뚜,79.96,81.64,Too-too-too-too,Tututu,Tut-tut-tut
0005,20,0 days 00:01:21.640000,0 days 00:01:22.640000,뚜뚜뚜뚜,81.64,82.64,Too-too-too-too,Tututu,Tut-tut-tut
0005,21,0 days 00:01:22.640000,0 days 00:01:24.620000,뚜뚜뚜뚜,82.64,84.62,Too-too-too-too,Tututu,Tut-tut-tut
0005,22,0 days 00:01:24.620000,0 days 00:01:25.860000,뚜뚜뚜뚜,84.62,85.86,Too-too-too-too,Tututu,Tut-tut-tut
0005,23,0 days 00:01:25.860000,0 days 00:01:27.800000,울데ρέ프트,85.86,87.8,Ulde rhoft,Uldeρέft,Ulderleft
0005,24,0 days 00:01:27.800000,0 days 00:01:28.860000,울� Gurl,87.8,88.86,Gurl,Wool Gurl,Gurl
0005,25,0 days 00:01:28.860000,0 days 00:01:30.120000,울뎌,88.86,90.12,I'm crying,Uldeau,Cry
0005,26,0 days 00:01:30.120000,0 days 00:01:31.540000,울�enne,90.12,91.54,Woolen,Wool enne,ul�enne
0005,27,0 days 00:01:31.540000,0 days 00:01:32.320000,울떼,91.54,92.32,Ulte,Wool Swarm,Ulte
0005,28,0 days 00:01:32.320000,0 days 00:01:32.740000,울떼,92.32,92.74,Ulte,Wool Swarm,Ulte
0005,29,0 days 00:01:32.740000,0 days 00:01:33.860000,취대,92.74,93.86,get drunk,Employment,Takeover
0005,30,0 days 00:01:34.640000,0 days 00:01:36.980000,난 많이 잘 못 됐어,94.64,96.98,I'm not very good at it,I didn't do very well,I'm not very good
0005,31,0 days 00:01:36.980000,0 days 00:01:38.860000,요즘 안 하는게,96.98,98.86,What I don't do these days,I don't do it these days,What I don't do these days
0005,32,0 days 00:01:38.860000,0 days 00:01:41.880000,다 괴로운 것 같은데,98.86,101.88,It all seems painful,It seems like it's all painful,It all sounds painful.
0005,33,0 days 00:01:43.580000,0 days 00:01:44.440000,악acks,103.58,104.44,acks,Evil,악acks
0005,34,0 days 00:01:44.440000,0 days 00:01:45.380000,았 cunning,104.44,105.38,Did cunning,It was cunning,Were cunning
0005,35,0 days 00:01:45.380000,0 days 00:01:46.340000,만렙,105.38,106.34,Max level,Manrep,Manlep
0005,36,0 days 00:01:46.340000,0 days 00:01:47.340000,카� orden,106.34,107.34,Kaorden,Carr Orden,カ� orden
0005,37,0 days 00:01:47.340000,0 days 00:01:48.500000,대 weaving,107.34,108.5,teen weaving,vs. weaving,vs. weaving
0005,38,0 days 00:01:48.500000,0 days 00:01:50.400000,걸Go,108.5,110.4,Girl Go,Go,GirlGo
0005,39,0 days 00:01:50.400000,0 days 00:01:51.440000,fil除전,110.4,111.44,fil除,Fil removal,fil除前
0005,40,0 days 00:01:51.440000,0 days 00:01:51.780000,다,111.44,111.78,all,all of them,多
0005,41,0 days 00:01:51.780000,0 days 00:01:52.460000,14,111.78,112.46,14,14,14
0005,42,0 days 00:01:52.460000,0 days 00:01:53.100000,라이브,112.46,113.1,live,Live,Live
0005,43,0 days 00:01:53.100000,0 days 00:01:54.040000,어� latest,113.1,114.04,"Uh, latest",Uh-latest,latest
0005,44,0 days 00:01:54.040000,0 days 00:01:54.340000,boggie,114.04,114.34,boggie,boggie,boggie
0005,45,0 days 00:01:54.340000,0 days 00:01:54.520000,담당,114.34,114.52,in charge,Responsible,Responsible for
0005,46,0 days 00:01:54.520000,0 days 00:01:54.620000,장 esa,114.52,114.62,chapter esa,Jean ESA,Chapter esa
0005,47,0 days 00:01:54.620000,0 days 00:01:59.360000,내 맘엔 구멍이 있어 그건 멀리 더 못 채우는 것,114.62,119.36,There's a hole in my heart that I can't fill anymore,"There is a hole in my heart, and it can't be filled further",There's a hole in my heart that can't be filled much further.
0005,48,0 days 00:01:59.360000,0 days 00:02:04.600000,난 지금 가라앉는 중인 걸 내 못난 바다 속에서,119.36,124.6,I'm sinking right now in my ugly sea,I am sinking now in my ugly sea,I'm sinking in my own ugly ocean.
0005,49,0 days 00:02:04.600000,0 days 00:02:09.680000,문제야 문제 온 세상 속에,124.6,129.68,"It's a problem, it's a problem in the whole world","Problem, problem, in the whole world","Trouble, trouble, trouble all over the world"
0005,50,0 days 00:02:09.680000,0 days 00:02:17.320000,똑같은 사랑 노래가 와닿지 못해,129.68,137.32,The same love song doesn't reach me,The same love song doesn't reach me,The same love song just doesn't cut it
0005,51,0 days 00:02:17.320000,0 days 00:02:25,나의 맘속에 생각이 너무 많네,137.32,145.0,There are too many thoughts on my mind,There are so many thoughts in my heart,Too many thoughts in my mind
0005,52,0 days 00:02:35.240000,0 days 00:02:45.040000,그렇게 시간 낭비하네 저 인스타그램 속에서,155.24,165.04,I'm wasting my time like that on Instagram.,That's a waste of time on Instagram.,I'm wasting my time on Instagram.
0005,53,0 days 00:02:45.040000,0 days 00:02:47.300000,lonely lonely,165.04,167.3,lonely lonely,lonely lonely,lonely lonely
0005,54,0 days 00:02:47.300000,0 days 00:02:53.640000,원래 이리도 힘든가요,167.3,173.64,Is it really this hard?,Is it hard to do this in the first place?,Is it always this hard?
0005,55,0 days 00:02:53.640000,0 days 00:03:00.400000,No way no way 이 피드 속엔,173.64,180.4,No way no way in this feed,No way no way In this feed,No way no way this feed contains
0005,56,0 days 00:03:00.400000,0 days 00:03:04.020000,너와 다른 세상 뿐인데,180.4,184.02,It's just a different world from you,It's just a different world from you.,It's a different world than yours.
0005,57,0 days 00:03:04.020000,0 days 00:03:10.420000,부질없이 올려놓은 사진,184.02,190.42,Photos uploaded without purpose,Photos posted without hesitation,Unnecessarily uploaded photos
0005,58,0 days 00:03:10.420000,0 days 00:03:14.520000,뒤에 가려진 내 맘을,190.42,194.52,My heart is hidden behind,My heart hidden behind me,My heart behind
0005,59,0 days 00:03:14.520000,0 days 00:03:17.280000,안 흐리야,194.52,197.28,It's not cloudy,Anhriyah,Not cloudy
0005,60,0 days 00:03:17.280000,0 days 00:03:21.200000,내 맘에 난 더해 내 맘에,197.28,201.2,"In my heart, I add it to my heart","In my heart, I am in my heart, in my heart",to my favorite I add to my favorite
0005,61,0 days 00:03:21.200000,0 days 00:03:24.160000,저 인스타그램 속에서,201.2,204.16,In that Instagram,In that Instagram,In that Instagram
0005,62,0 days 00:03:28.540000,0 days 00:03:31.220000,Sometimes I feel alone,208.54,211.22,Sometimes I feel alone,Sometimes I feel alone,Sometimes I feel alone
0005,63,0 days 00:03:31.220000,0 days 00:03:34.780000,Even when I'm with a lot of people,211.22,214.78,Even when I'm with a lot of people,Even when I'm with a lot of people,Even when I'm with a lot of people
0005,64,0 days 00:03:34.780000,0 days 00:03:36.420000,I feel,214.78,216.42,I feel,I feel,I feel
0005,65,0 days 00:03:36.420000,0 days 00:03:38.080000,I feel like I'm,216.42,218.08,I feel like I'm,I feel like I'm,I feel like I'm
0005,66,0 days 00:03:38.080000,0 days 00:03:40.760000,Robinson Crusoe,218.08,220.76,Robinson Crusoe,Robinson Crusoe,Robinson Crusoe
0005,67,0 days 00:03:40.760000,0 days 00:03:42.360000,Yeah,220.76,222.36,Yeah,Yeah,Yes
0005,68,0 days 00:03:42.360000,0 days 00:03:44.160000,That's what I feel,222.36,224.16,That's what I feel,That's what I feel,That's what I feel
0005,69,0 days 00:03:47.280000,0 days 00:03:53.280000,그래 나는 요즘 어때,227.28,233.28,"Yeah, how am I these days?","Yes, how am I doing these days?",So how am I doing these days
0005,70,0 days 00:03:53.280000,0 days 00:03:57.580000,잠 못 자는 건 여전해,233.28,237.58,I still can't sleep,I still can't sleep,Sleepless nights still happen
0005,71,0 days 00:03:57.580000,0 days 00:04:03.260000,자른 단발이 참 예쁘던데,237.58,243.26,The short hair you cut is really pretty.,The cut short hair was so beautiful.,I love your short haircut.
0005,72,0 days 00:04:03.260000,0 days 00:04:05.340000,좋아요는 안 눌렀어,243.26,245.34,I didn't click the like button,I didn't like it,I didn't like it
0005,73,0 days 00:04:05.340000,0 days 00:04:08.780000,조금 묶인 것 같아서,245.34,248.78,I feel a little tied up,I feel like I'm a little tied up,"It seemed a little tied up, so I used"
0005,74,0 days 00:04:17.280000,0 days 00:04:27.020000,그렇게 시간 낭비를 하네,257.28,267.02,You're wasting time like that,That's how you waste your time.,What a waste of time.
0005,75,0 days 00:04:27.020000,0 days 00:04:31.160000,네 인스타그램 속에서,267.02,271.16,In your Instagram,In your Instagram,In your Instagram
